<?xml version="1.0" encoding="UTF-8"?><!DOCTYPE properties SYSTEM
    "http://java.sun.com/dtd/properties.dtd">
<properties>
    <comment>javascript</comment>

    <!-- 11st -->
    <entry key="script.online.11st.login">
        <![CDATA[
        /* 기존 로그인 수행 함수를 Dummy로 만듬 */
        var doLoginCheck = function(){
        };

        var tryLogin = function(id, password, redirectUrl){
            /* 아이디 */
            $("form#loginform input[name='memId']").val(id);
            /* 비밀번호 */
            $("form#loginform input[name='memPwd']").val(password);
            /* 리다이렉트 URL */
            $("form#loginform input[name='returnURL']").val(redirectUrl);

            /* 로그인 수행 페이지내 함수 호출*/
            var obj = $("button#loginButton").get(0);
            checkDataForLogin(obj);

            var frm = document.loginform;

            var data = {
                priority:frm.priority.value,
                encryptedLoginName:frm.encryptedLoginName.value,
                encryptedPassWord:frm.encryptedPassWord.value,
                memId:frm.memId.value,
                memPwd:frm.memPwd.value,
                minorSelCnYn:frm.minorSelCnYn.value,
                tudKey:frm.tudKey.value,
                eltFlag:frm.eltFlag.value,
                ktb_agent:frm.ktb_agent.value,
                captchaTokenKey:frm.captchaTokenKey.value,
                keepLOGIN:frm.keepLOGIN.value,
                captchaAnswer:frm.captchaAnswer.value
            };

            /* Form 반환 */
            return $.param(data);
        };
        ]]>
    </entry>

    <!-- naver -->
    <entry key="script.online.naver.login">
        <![CDATA[
        var tryLogin = function(id, password, redirectUrl){
            /* 아이디 */
            document.querySelector("input#id").value = id;
            /* 비밀번호 */
            document.querySelector("input#pw").value = password;
            /* 리다이렉트 URL */
            document.querySelector("input#url").value = redirectUrl;

            /* 로그인 수행 페이지내 함수 호출*/
            confirmSubmit();

            /* Form 반환 */
            var form = document.querySelectorAll("form#frmNIDLogin > input");
            var data = new Array();

            for(var i=0; i < form.length; i++){
                var name = form[i].name;
                var value = form[i].value;

                data.push({name:name, value:value});
            }

            if(data.length == 0)
                throw new Error("form#frmNIDLogin > input -> size : 0");

            return JSON.stringify(data);
        };
        ]]>
    </entry>

    <!-- cjmall -->
    <entry key="script.online.cjmall.login">
        <![CDATA[
        var tryLogin = function(id, password, redirectUrl){

            /* 리다이렉트 URL*/
            document.querySelectorAll("form[name='loginForm'] > input[name=returnUrl]").value = redirectUrl;

            var helper = require("page/cjmall/account/helpers/loginHelper");
            /* 아이디 */
            $("#memberId").val(helper.jsEncrypt(id));
            /* 비밀번호 */
            $("#pwd").val(helper.jsEncrypt(password));

            /* 로그인 수행 페이지내 함수 호출*/
            helper.setAllowCookie();
            var queryString = $("form[name='loginForm']").serialize();

            if(queryString.length == 0)
                throw new Error("form[name='loginForm'] -> size : 0");

            /* QueryString 반환 */
            return queryString;
        };
        ]]>
    </entry>

    <!-- naning9 -->
    <entry key="script.online.naning9.login">
        <![CDATA[
        var tryLogin = function(id, password, redirectUrl){
            /* 아이디 */
            document.querySelector("input#id").value = id;

            /* 로그인 수행 페이지내 함수 호출*/
            $("#loginform input[name=passwd_enc]").val(bizhost_encrypt(password,id));

            var data = $("#loginform").serializeArray();
            if(data.length == 0)
                throw new Error("#loginform -> size : 0");

            /* Form 반환 */
            return JSON.stringify(data);
        };
        ]]>
    </entry>

    <!-- tmon -->
    <entry key="script.online.tmon.login">
        <![CDATA[
        var tryLogin = function(id, password){
            /* 아이디 */
            foLoginFrm.setId(id);
            /* 비밀번호 */
            foLoginFrm.setPw(password);
            /* 리다이렉트 URL */
            $("#loginForm input[name='returnUrl']").val('/deal');
            var data = $("#loginForm").serialize();
            if(data.length == 0)
                throw new Error("form#loginForm > input -> size : 0");
            return data;
        };
        ]]>
    </entry>

    <!-- hyundai card -->
    <entry key="script.card.hyundai.login">
        <![CDATA[
        var tryLogin = function(id, password, redirectUrlToken){
             /* 아이디 */
            $("input#webMbrId").val(id);
            /* 리다이렉트 URL */
            $("input[name='orgRedirectUrl']").val(redirectUrlToken);
            /* 비밀번호 항목 초기화*/
            var i = 0;
            do {
                $("input#webPwd").focus();
                if($("input#webPwd").hasClass("tbd-on"))
                    break;
                i++;
            } while(i < 3);

            if(!$("input#webPwd").hasClass("tbd-on"))
                throw new Error("keybord is not activated!!");

            var lower = $("map#nppfs-keypad-webPwd_lower > area[data-action^='data:']");
            var upper = $("map#nppfs-keypad-webPwd_upper > area[data-action^='data:']");
            var special = $("map#nppfs-keypad-webPwd_special > area[data-action^='data:']");

            var lowerString = "1234567890qwertyuiopasdfghjklzxcvbnm";
            var upperString = "1234567890QWERTYUIOPASDFGHJKLZXCVBNM";
            var specialString = "!@#$%^&*()-_=+\\|{}[]:;'\",.<>$~`!@#/?";

            var sort = function(obj0, obj1, index){
                var compare = function(obj0, obj1, index){
                    if(index == undefined) index = 0;

                    var comp0 = $(obj0).attr('data-coords').split(',');
                    var comp1 = $(obj1).attr('data-coords').split(',');

                    if(index === 0){
                        comp0 = parseInt(comp0[1], 10);
                        comp1 = parseInt(comp1[1], 10);
                    }else{
                        comp0 = parseInt(comp0[0], 10);
                        comp1 = parseInt(comp1[0], 10);
                    }

                    if(comp0 > comp1){
                        return 1;
                    }else if(comp0 === comp1){
                        if(index === 0)
                            return compare(obj0, obj1, index+1);
                        else
                            return 0;
                    }else{
                        return -1;
                    }
                };
                return compare(obj0, obj1, index);
            };

            lower.sort(sort);
            upper.sort(sort);
            special.sort(sort);

            for(var i=0; i< password.length; i++){
                var c = password.charAt(i);
                if(lowerString.indexOf(c) > -1)
                    $(lower[lowerString.indexOf(c)]).trigger('click');
                else if(upperString.indexOf(c) > -1)
                    $(upper[upperString.indexOf(c)]).trigger('click');
                else if(specialString.indexOf(c) > -1)
                    $(special[specialString.indexOf(c)]).trigger('click');
            }

            $("map#nppfs-keypad-webPwd_lower > area[data-action='action:enter']").click();

             var data = $("form#form1").serializeArray();
            if(data.length == 0)
                throw new Error("form#form1 -> size : 0");

            /* Form 반환 */
            return JSON.stringify(data);
        };
        ]]>
    </entry>


    <!-- samsung card -->
    <entry key="script.card.samsung.login">
        <![CDATA[
        var tryLogin = function(id, password, redirectUrl){

            /* 아이디 */
            $("input#dgtlMmbrId").val(id);
            /* 비밀번호 항목 초기화*/
            $("input#pswde").focus();
            /* 이동할 화면 URL */
            $("input[name='redirectUrl']").val(redirectUrl);

            var lower = $("div.kpd-group.lower > div.kpd-button.kpd-image.kpd-data");
            var upper = $("div.kpd-group.upper > div.kpd-button.kpd-image.kpd-data");
            var special = $("div.kpd-group.special > div.kpd-button.kpd-image.kpd-data");

            var lowerString = "1234567890abcdefghijklmnopqrstuvwxyz";
            var upperString = "1234567890ABCDEFGHIJKLMNOPQRSTUVWXYZ";
            var specialString = "!!@@##$$%^&*()`-=\\~_+|[]{};':\",./<>?";

            var sort = function(obj0, obj1, index){

                var compare = function(obj0, obj1, index){
                    if(index == undefined) index = 0;

                    var comp0, comp1;

                    if(index === 0){
                        comp0 = parseInt($(obj0).data('pos-y'), 10);
                        comp1 = parseInt($(obj1).data('pos-y'), 10);
                    }else{
                        comp0 = parseInt($(obj0).data('pos-x'), 10);
                        comp1 = parseInt($(obj1).data('pos-x'), 10);
                    }

                    if(comp0 > comp1){
                        return 1;
                    }else if(comp0 === comp1){
                        if(index === 0)
                        return compare(obj0, obj1, index+1);
                    else
                        return 0;
                    }else{
                        return -1;
                    }
                };
                return compare(obj0, obj1, index);
            };

            lower.sort(sort);
            upper.sort(sort);
            special.sort(sort);

            for(var i=0; i< password.length; i++){
                var c = password.charAt(i);
                if(lowerString.indexOf(c) > -1)
                    $(lower[lowerString.indexOf(c)]).trigger('touchstart');
                else if(upperString.indexOf(c) > -1)
                    $(upper[upperString.indexOf(c)]).trigger('touchstart');
                else if(specialString.indexOf(c) > -1)
                    $(special[specialString.indexOf(c)]).trigger('touchstart');
            }

            /* Form 반환 */
            var data = scard.buildAjaxSettings.call(scard, {
                service: "SHPPCO0301S02",
                encForm: "npPfs",
                data: {
                    svo: {
                        dgtlMmbrDvC: "01",
                        dgtlMmbrIdDvC: "01",
                        dgtlMmbrId: $("input#dgtlMmbrId").val(),
                        pswde: $("input#pswde").val(),
                        dupLgnPrms: EVENT.dupLgnChk
                    }
                }
            }).data;

            var object = JSON.parse(data);
            if(typeof(object) !== 'object')
                throw new Error("data not a object!!");
            else if(typeof(object) === 'object' && Object.keys(object).length == 0)
	            throw new Error("data -> size : 0");

            return data;
        };
        ]]>
    </entry>

    <entry key="script.card.samsung.card.bill.summary">
        <![CDATA[
        function(callback){
            var tryCnt = 0;
            var ready = false;
            var exec = function(callback){

                if(tryCnt >= 10){
                    callback(false, '::TIMEOUT : tryCnt -> 10');
                    return;
                }
                if(COMMON_ENV.logouted) {
                    callback(false, '::LOGOUT');
                    return;
                }

                try{
                    if(typeof(ENV) === "undefined" || typeof(ENV.CONDITION) === "undefined")
                        ready = false;
                    else
                        ready = typeof(ENV.CONDITION.common) !== "undefined";

                    if(ready){
                        var messages = new Array();
                        var form = {};
                        var data = null;

                        data = new Array();
                        $(ENV.itgBilVO).each(function(f, e) {
                            ENV.bilInfVO = ENV.itgBilVO[f];
                            ENV.F_THM_STLM_DT = ENV.stlmDSelList[f];

                            ENV.CONDITION = {
                                inqrDvC: "2",
                                cstMngtNo: ENV.bilInfVO.cstMngtNo,
                                bilMngtNoEncr: scard.decodeXss(ENV.bilInfVO.itgBilMngtNoEncr),
                                stlmDt: ENV.bilInfVO.thmStlmDt,
                                cstTpc: ENV.bilInfVO.cstTpc,
                                dpAplcBilDvC: ENV.bilInfVO.bilMngtNoDvC,
                                thmStlmDt: ENV.bilInfVO.thmStlmDt,
                                bilCnfmYn: ENV.bilInfVO.bilCnfmYn,
                                domFrnBilMngtNoEncr: scard.decodeXss(ENV.bilInfVO.bilMngtNoEncr),
                                domFrnIdvItgDvC: ENV.bilInfVO.idvItgDvC,
                                domFrnIndvCrpDvC: ENV.bilInfVO.indvCrpDvC
                            };
                            ENV.CONDITION.stlmDt = scui.date.format(new Date(), "yyyyMMdd");

                            var d = scard.buildAjaxSettings.call(scard, {
                                service: "SHPPRP0901S02",
                                data: ENV.CONDITION
                            }).data;

                            data.push(JSON.parse(d));
                        });

                        form["this"] = data;

                        data = new Array();
                        $(ENV.itgBilVO).each(function(f, e) {
                            ENV.bilInfVO = ENV.itgBilVO[f];

                            var d = scard.buildAjaxSettings.call(scard, {
                                service: "SHPPRP0901S06",
                                data: {
                                    inqrDvC: "3",
                                    pgmDvC: (ENV.bilInfVO.bilMngtNoDvC == "08" || ENV.bilInfVO.bilMngtNoDvC == "14") ? "10" : "99",
                                    cstMngtNo: ENV.bilInfVO.cstMngtNo,
                                    itgBilMngtNoEncr: scard.decodeXss(ENV.bilInfVO.itgBilMngtNoEncr),
                                    bilMngtNoEncr: scard.decodeXss(ENV.bilInfVO.bilMngtNoEncr),
                                    itgBilYn: (ENV.bilInfVO.idvItgDvC == "1") ? "Y" : "N",
                                    isCstDvC: ENV.bilInfVO.indvCrpDvC
                                }
                            }).data;

                            data.push(JSON.parse(d));
                        });

                        form["next"] = data;
                        messages.push(form);

                        /* 카드 종류 */
                        var local = ENV.itgBilVO;
                        var cards = new Array();

                        for(var i=0; i < local.length; i++){
                            var itgBilMngtNoEncr = local[i]['itgBilMngtNoEncr'];
                            var cntrNoNm = local[i]['cntrNoNm'];
                            var cntrNo = local[i]['cntrNo'].replace(/^\d+\*+(\d+)$/g, '$1');
                            var indvCrpDvNm = local[i]['indvCrpDvNm'];
                            var thmStlmDt = local[i]['thmStlmDt'];

                            cntrNoNm += " (" + indvCrpDvNm + ")";

                            cards.push({itgBilMngtNoEncr: itgBilMngtNoEncr, cntrNoNm: cntrNoNm, cntrNo: cntrNo, thmStlmDt: thmStlmDt});
                        }

                        messages.push(cards);

                        callback(true, JSON.stringify(messages));
                    } else {
                        tryCnt++;
                        setTimeout(function(){ exec(callback); }, 1000);
                    }
                }catch(e){
                    console.error(e);
                    callback(false, e.stack);
                }
            };

            /* 실행전 세션 만료 체크 수행*/
            scard.gnb.ssoTimeRefresh();
            exec(callback);
        };
        ]]>
    </entry>

    <entry key="script.card.samsung.card.usage">
        <![CDATA[
        function(callback){
            var tryCnt = 0;
            var ready = false;
            var exec = function(callback){

                if(tryCnt >= 10){
                    callback(false, '::TIMEOUT : tryCnt -> 10');
                    return;
                }
                if(COMMON_ENV.logouted) {
                    callback(false, '::LOGOUT');
                    return;
                }

                try{
                    /* 조회구분 -> AB:일시불+할부, A:일시불 */
                    var searchType = $("#fi_sl_search2").val();
                    var ENV = typeof(ENV00) !== "undefined" ? ENV00 : undefined;
                    var service = "SHPPRP0801S01";

                    if(searchType === "AB") {
                        ENV = typeof(ENV00) !== "undefined" ? ENV00 : undefined;
                        service = "SHPPRP0801S01";
                    } else if(searchType === "A") {
                        ENV = typeof(ENV01) !== "undefined" ? ENV01 : undefined;
                        service = "SHPPRP0801S02";
                    }

                    if(typeof(ENV) === "undefined" || typeof(ENV.CONDITION) === "undefined")
                        ready = false;
                    else
                        ready = typeof(ENV.CONDITION.common) !== "undefined";

                    if(ready){
                        var messages = new Array();

                        /* 공통 전문내용  */
                        var data = scard.buildAjaxSettings.call(scard, {
                            service: service,
                            data: ENV.CONDITION
                        }).data;

                        messages.push(service);
                        messages.push(JSON.parse(data));

                        /* 카드 종류  */
                        var local = scard.convert.loadLocal("localVo");
                        var cards = new Array();

                        for(var i=0; i < local.length; i++){
                            var cdnoId = local[i]['cdnoId'];
                            var cardPrtgNm = local[i]['cardPrtgNm'];
                            var itgCdnoe = local[i]['itgCdnoe'].replace(/^\d+\*+(\d+)$/g, '$1');
                            var cardDvC = local[i]['cardDvC'];
                            var cardKndC = local[i]['cardKndC'];

                            if (cardDvC === "1" && cardKndC === "01") {
                                cardPrtgNm += " (개인)";
                            } else {
                                if (cardDvC === "1" && (cardKndC === "02" || cardKndC === "03"))
                                    cardPrtgNm += " (체크)";
                                else {
                                    if (cardDvC === "2")
                                        cardPrtgNm += " (가족)";
                                    else if (cardDvC === "3")
                                        cardPrtgNm += " (법인)";
                                }
                            }
                            cards.push({cdnoId: cdnoId, cardPrtgNm: cardPrtgNm, itgCdnoe: itgCdnoe});
                        }

                        messages.push(cards);

                        /* 전체 건수, 페이지 사이즈  */
                        messages.push(ENV.TOT_DLNG_CT);
                        messages.push(ENV.PAGE_SZ);

                        callback(true, JSON.stringify(messages));
                    } else {
                        tryCnt++;
                        setTimeout(function(){ exec(callback); }, 1000);
                    }
                }catch(e){
                    console.error(e);
                    callback(false, e.stack);
                }
            };

            /* 실행전 세션 만료 체크 수행*/
            scard.gnb.ssoTimeRefresh();
            exec(callback);
        };
        ]]>
    </entry>

    <!-- bc card -->
    <entry key="script.card.bc.login.0">
        <![CDATA[
        var getKeypadImageSource = function(baseUrl) {
            var data = new Array();

            $("div[id^='divKeypad'] > img").each(function(){
                var $el = nq(this);
                var src = baseUrl + $el.attr("src");
                data.push(encodeURIComponent(src));
            });

            if(data.length == 0)
	            throw new Error("div[id^='divKeypad'] > img -> size : 0");
            return data.join(",");
        };
        ]]>
    </entry>

    <entry key="script.card.bc.login.1">
        <![CDATA[
        var tryLogin = function(id, password, number){

            /* 아이디 */
            $("input#id").val(id);
            /* 가상키패드 활성화 */
            var npKpd = eval("npKpd" + $("div[name^='divKeypad']:first").attr("id").substr("divKeypad".length, 12));
            npKpd.setShow();
            npKpd.setKeypadUse(true);

            var keypads = $("map[name^='divKeypad']");

            var lower = $(keypads[0]).find('> area');
            var upper = $(keypads[1]).find('> area');
            var special = $(keypads[2]).find('> area');

            var lowerString = " " + number + "qwertyuiopasdfghjklzxcvbnm";
            var upperString = " " + number + "QWERTYUIOPASDFGHJKLZXCVBNM";
            var specialString = " !@#$%^&*()-_=+\\|{}[];:'\",.<>$~`!@#/?";

            var sort = function(obj0, obj1, index){
                var compare = function(obj0, obj1, index){
                    if(index == undefined) index = 0;

                    var comp0 = $(obj0).data('coords').split(',');
                    var comp1 = $(obj1).data('coords').split(',');

                    if(index === 0){
                        comp0 = parseInt(comp0[1], 10);
                        comp1 = parseInt(comp1[1], 10);
                    }else{
                        comp0 = parseInt(comp0[0], 10);
                        comp1 = parseInt(comp1[0], 10);
                    }

                    if(comp0 > comp1){
                        return 1;
                    }else if(comp0 === comp1){
                        if(index === 0)
                            return compare(obj0, obj1, index+1);
                        else
                            return 0;
                    }else{
                        return -1;
                    }
                };
                return compare(obj0, obj1, index);
            };

            lower.sort(sort);
            upper.sort(sort);
            special.sort(sort);

            for(var i=0; i < password.length; i++){
                var c = password.charAt(i);

                if(lowerString.indexOf(c) > -1)
                    trigger($(lower[lowerString.indexOf(c)]));
                else if(upperString.indexOf(c) > -1)
                    trigger($(upper[upperString.indexOf(c)]));
                else if(specialString.indexOf(c) > -1)
                    trigger($(special[specialString.indexOf(c)]));
            }
        };

        var trigger = function($obj){
            var event = $obj.attr("onclick");
            eval("(function(){" + event.replace('npVCtrl.preview(this);', '') + "})();");
        };

        var exec = function(callback){
            npPfsCtrl.waitSubmit(function(){
                var data = $("form#frmLogin").serializeArray();
                if(data.length > 0)
                    callback(true, JSON.stringify(data));
                else
                    callback(false, "form#frmLogin -> size : 0");
            });
        };
        ]]>
    </entry>

    <!-- kb card -->
    <entry key="script.card.kb.login">
        <![CDATA[
        var tryLogin = function(id, password){
            /* 아이디 */
            $("input#userId").val(id);
            /* 비밀번호 항목 활성화*/
            $("input#userPwd").click();

            var lower = $("div#nfilter_char_content_l map > area:not([id='dummy'],[id^=nfilter])");
            var upper = $("div#nfilter_char_content_u map > area:not([id='dummy'],[id^=nfilter])");
            var special = $("div#nfilter_char_content_s map > area:not([id='dummy'],[id^=nfilter])");

            var lowerString = "1234567890qwertyuiopasdfghjklzxcvbnm";
            var upperString = "1234567890QWERTYUIOPASDFGHJKLZXCVBNM";
            var specialString = "!@#$%^&*()-=+{}[]\\:;\"'<>,./?|~`_ ";

            var sort = function(obj0, obj1, index){
                var compare = function(obj0, obj1, index){
                    if(index == undefined) index = 0;

                    var comp0 = $(obj0).attr('coords').split(',');
                    var comp1 = $(obj1).attr('coords').split(',');

                    if(index === 0){
                        comp0 = parseInt(comp0[1], 10);
                        comp1 = parseInt(comp1[1], 10);
                    }else{
                        comp0 = parseInt(comp0[0], 10);
                        comp1 = parseInt(comp1[0], 10);
                    }

                    if(comp0 > comp1){
                        return 1;
                    }else if(comp0 === comp1){
                        if(index === 0)
                            return compare(obj0, obj1, index+1);
                        else
                            return 0;
                    }else{
                        return -1;
                    }
                };
                return compare(obj0, obj1, index);
            };

            lower.sort(sort);
            upper.sort(sort);
            special.sort(sort);

            for(var i=0; i< password.length; i++){
                var c = password.charAt(i);
                if(lowerString.indexOf(c) > -1)
                    $(lower[lowerString.indexOf(c)]).trigger('onmouseup');
                else if(upperString.indexOf(c) > -1)
                    $(upper[upperString.indexOf(c)]).trigger('onmouseup');
                else if(specialString.indexOf(c) > -1)
                    $(special[specialString.indexOf(c)]).trigger('onmouseup');
            }

            nFilterOnKeyClick($("#nfilter_enter_char_mobile:first").get(0));

            var data = {
                userId : $("input#userId").val(),
                lginTp:'01',
                lginPg:'01',
                pushYn:true,
                serviceId : 'doLogin',
                username : '',
                birthYmd : '',
                encData : nFilterEncrypted()
            };

            if(data.encData === undefined || data.encData === '')
                throw new Error("Enc data is empty!!");

            /* Query string 반환 */
            return $.param(data);
        };
        ]]>
    </entry>

    <!-- hana card -->
    <entry key="script.card.hana.login">
        <![CDATA[
        var tryLogin = function(id, password){

            var keypads = $("div#nfilter_char map");

            var special = $(keypads[0]).find('> area[id!="dummy"][id!="nfilter_shift_l_mobile"]');
            var upper = $(keypads[1]).find('> area[id!="dummy"][id!="nfilter_shift_u_mobile"]');
            var lower = $(keypads[2]).find('> area[id!="dummy"][id!="nfilter_shift_l_mobile"]');

            var specialString = "!@#$%^&*()-=+{}[]\\:;\"'<>,./?|~`_ ";
            var upperString = "1234567890QWERTYUIOPASDFGHJKLZXCVBNM";
            var lowerString = "1234567890qwertyuiopasdfghjklzxcvbnm";

            var sort = function(obj0, obj1, index){
                var compare = function(obj0, obj1, index){
                    if(index == undefined) index = 0;

                    var comp0 = $(obj0).attr('coords').split(',');
                    var comp1 = $(obj1).attr('coords').split(',');

                    if(index === 0){
                        comp0 = parseInt(comp0[1], 10);
                        comp1 = parseInt(comp1[1], 10);
                    }else{
                        comp0 = parseInt(comp0[0], 10);
                        comp1 = parseInt(comp1[0], 10);
                    }

                    if(comp0 > comp1){
                        return 1;
                    }else if(comp0 === comp1){
                        if(index === 0)
                            return compare(obj0, obj1, index+1);
                        else
                            return 0;
                    }else{
                        return -1;
                    }
                };
                return compare(obj0, obj1, index);
            };

            lower.sort(sort);
            upper.sort(sort);
            special.sort(sort);

            for(var i=0; i< password.length; i++){
                var c = password.charAt(i);
                if(lowerString.indexOf(c) > -1)
                    $(lower[lowerString.indexOf(c)]).trigger('onmouseup');
                else if(upperString.indexOf(c) > -1)
                    $(upper[upperString.indexOf(c)]).trigger('onmouseup');
                else if(specialString.indexOf(c) > -1)
                    $(special[specialString.indexOf(c)]).trigger('onmouseup');
            }

            /* 암호화된 비밀번호 세팅 */
            $("input#PWD_nfilter_sec").val(nFilterInputEncrypt(nFilterSecElement));
            var f = document.frm;

            var reqMap = {
                targetMethod :"" ,
                USER_ID : id.toUpperCase(),
                PWD : "" ,
                SSN : "",
                AF_W_DATA : AF_W_DATA,
                AF_UKEY : AF_UKEY,
                ipinsideData: f.ipinsideData.value,
                ipinsideNAT : f.ipinsideNAT.value,
                ipinsideUData : f.ipinsideUData.value,
                _nFilterEncryptValue : nFilterEncrypted()
            };

            dwr.engine._batch = dwr.engine._createBatch();
            var batch = dwr.engine._batch;
            batch.path = Action._path;
            batch.DataMap = reqMap;

            var prefix = "c" + batch.map.callCount + "-";
            batch.map[prefix + "scriptName"] = "Action";
            batch.map[prefix + "methodName"] = "service";
            batch.map[prefix + "id"] = batch.map.callCount;

            dwr.engine._serializeAll(batch, [], getLinkUrl("/MOPLOG100M.ajax"), prefix + "param0");
            dwr.engine._serializeAll(batch, [], reqMap, prefix + "param1");
            dwr.engine._serializeAll(batch, [], false, prefix + "param2");
            dwr.engine._serializeAll(batch, [], false, prefix + "param3");

            batch.mode = dwr.engine._ModePlainCall;
            batch.map.callCount++;
            batch.map.batchId = dwr.engine._nextBatchId++;

            var data = dwr.engine._constructRequest(batch);

            /* JSON string 반환 */
            return JSON.stringify(data);
        };
        ]]>
    </entry>

    <!-- lotte card -->
    <entry key="script.card.lotte.login">
        <![CDATA[
        var tryLogin = function(id, password){
            /* 아이디 */
            $("input#lgn_id_p").val(id);
            /* 비밀번호 항목 활성화*/
            mtk.onKeyboard($('input#mbr_pswd_p').get(0));

            var images = {};
            var index = 0;
            var totalCount = 0;
            var keyMap = {
                '골뱅이':'@','꺽쇠':'^','느낌표':'!','달러기호':'$','더하기':'+','등호':'=','따옴표':'"',
                '마침표':'.','물결표시':'~','물음표':'?','밑줄':'_','별표':'*','빼기':'-','샾':'#','세미콜론':';',
                '수직막대':'|','쉼표':',','슬래시':'/','어금기호':'`','엠퍼샌드':'&','역슬래시':'\\','오른쪽괄호':')',
                '오른쪽꺽쇠괄호':'>','오른쪽대괄호':']','오른쪽중괄호':'}','왼쪽괄호':'(','왼쪽꺽쇠괄호':'<',
                '왼쪽대괄호':'[','왼쪽중괄호':'{','작은따옴표':'\'','콜론':':','퍼센트':'%'
            };

            $("div#mtk_mbr_pswd_p div[id^='mtk_mbr_pswd_p_Row'] img").each(function(){
                var $image = $(this);
                var alt = $image.attr('alt');

                switch(alt) {
                    case '쉬프트' :
                        images['shift'] = $image;
                        break;
                    case '특수키' :
                        images['sp'] = $image;
                        break;
                    case '입력완료' :
                        images['done'] = $image;
                        break;
                    default :
                        if(/\w/g.test(alt))
                            images[index++] = $image;
                        break;
                }
            });
            totalCount = index;

            for(var i=0; i < password.length; i++){
                var c = password.charAt(i);

                if(/[0-9a-zA-Z]/g.test(c)) {
                    if(mtk.now.special)
                        mtk.sp($.Event('mousedown'), images['sp'].parent().get(0));

                    if(/[a-z]/g.test(c)) {
                        if(mtk.now.cap)
                            mtk.cap($.Event('mousedown'), images['shift'].parent().get(0));
                    }

                    if(/[A-Z]/g.test(c)) {
                        if(!mtk.now.cap)
                            mtk.cap($.Event('mousedown'), images['shift'].parent().get(0));
                    }

                    for(var j=0; j < totalCount; j++) {
                        var $image = images[j];
                        var alt = $image.attr('alt').replace(/\W/g, '');

                        if(alt === c) {
                            $image.parent().trigger('mousedown');
                            break;
                        }
                    }
                } else {
                    if(!mtk.now.special)
                        mtk.sp($.Event('mousedown'), images['sp'].parent().get(0));

                    for(var j=0; j < totalCount; j++) {
                        var $image = images[j];
                        var alt = $image.attr('alt');
                        var sp = keyMap[alt];

                        if(sp === c) {
                            $image.parent().trigger('mousedown');
                            break;
                        }
                    }
                }
            }

            mtk.sp($.Event('mousedown'), images['done'].parent().get(0));
            mtk.fillEncData();

            /* Query string 반환 */
            return $("form[name='loginForm']").serialize();
        };
        ]]>
    </entry>

    <!-- nh card -->
    <entry key="script.card.nh.login.0">
        <![CDATA[
        var getKeypadImageSource = function() {
            var data = {};
            $("span[id^='mtk_loginUserPwd_']").each(function(){
                var $el = $(this);
                var id = $el.attr("id").replace(/mtk_loginUserPwd_/g, "");
                var src = $el.css("background-image").replace(/url\("([^"]+)"\)/g, '$1');
                data[id] = src;
            });
            return JSON.stringify(data);
        };
        ]]>
    </entry>

    <entry key="script.card.nh.login.1">
        <![CDATA[
        var tryLogin = function(id, password, dummyKeyPad){
            /* 아이디 */
            $("input#loginUserId").val(id);
            /* 비밀번호 항목 활성화*/
            mtk.onKeyboard($('input#loginUserPwd').get(0));

            var lower = ["1234567890", "qwertyuiop", "asdfghjkl", "zxcvbnm"];
            var upper = ["1234567890", "QWERTYUIOP", "ASDFGHJKL", "ZXCVBNM"];
            var special = [" ~!@#$%^&*", "()-_=+[{]}", "\\|;:/?,<.", ">'\"+-*/"];

            var injectBlank = function(x, y){
                var list = [lower, upper, special];
                for(var i=0; i < 3; i++) {
                    var keypad = list[i][x - 1];
                    var regexp = eval('/^(.{' + y + '})(.*)$/g');
                    list[i][x - 1] = keypad.replace(regexp, '$1 $2');
                }
            };

            for(var i=0; i < dummyKeyPad.length; i++) {
                var temp = dummyKeyPad[i].split('.');
                var x = parseInt(temp[0], 10);
                var y = parseInt(temp[1], 10);

                injectBlank(x, y);
            }

            var element = {};
            var index = 0;

            $("div#mtk_loginUserPwd > div[id^='mtk_loginUserPwd_Row']").each(function(){
                var $el = $(this).children("div[ontouchstart^='mtk.start(']");
                if($el.size() > 0)
                    element[index++] = $el;
            });

            $("div#mtk_loginUserPwd > div[id^='mtk_loginUserPwd_Row']").find("div[ontouchstart^='mtk.cap('], div[ontouchstart^='mtk.sp('], div[ontouchstart^='mtk.done(']").each(function(){
                var $el = $(this);
                var attr = $el.attr('ontouchstart');

                if(attr.startsWith("mtk.cap("))
                    element["shift"] = $el;
                else if(attr.startsWith("mtk.sp("))
                    element["sp"] = $el;
                else if(attr.startsWith("mtk.done("))
                    element["done"] = $el;
            });

            for(var i=0; i < password.length; i++){
                var c = password.charAt(i);
                var keypad;

                if(/[0-9a-zA-Z]/g.test(c)) {
                    if($("span#mtk_loginUserPwd_special").is(":visible"))
                        element["sp"].trigger("touchstart");

                    if(/[0-9a-z]/g.test(c)) {
                        if(!$("span#mtk_loginUserPwd_lower").is(":visible"))
                            element["shift"].trigger("touchstart");
                        keypad = lower;
                    }

                    if(/[A-Z]/g.test(c)) {
                        if(!$("span#mtk_loginUserPwd_upper").is(":visible"))
                            element["shift"].trigger("touchstart");
                        keypad = upper;
                    }
                } else {
                    if(!$("span#mtk_loginUserPwd_special").is(":visible"))
                        element["sp"].trigger("touchstart");
                    keypad = special;
                }

                for(var j=0; j < keypad.length; j++) {
                    var k = keypad[j].indexOf(c);
                    if(k > -1) {
                        $(element[j][k]).trigger("touchstart");
                        break;
                    }
                }
            }

            element["done"].trigger("touchstart");
            mtk.fillEncData();

            var data = {};
            var o = {};
            $.each($("form#frmIdSubmit").serializeArray(), function(i, v) {
                if (o[v.name] !== undefined) {
                  if (!o[v.name].push) {
                    o[v.name] = [o[v.name]];
                  }
                  o[v.name].push(v.value || '');
                } else {
                  o[v.name] = v.value || '';
                }
            });
            o['M_WEB'] = window["M_WEB"];

            data['SESSION_TOKEN'] = window["SESSION_TOKEN"];
            data['TOKEN'] = window["TOKEN"];
            data['PARAM'] = JSON.stringify(o);

            return JSON.stringify(data);
        };
        ]]>
    </entry>

    <!-- shinhan card -->
    <entry key="script.card.shinhan.login">
        <![CDATA[
        function(callback){
            var tryCnt = 0;
            var tryLogin = function(id, password){
                try {
                    console.log("id -> " + id);
                    console.log("password -> " + password);

                    /* 아이디 */
                    $("input[type='email']").val(id);
                    /* 비밀번호 항목 활성화*/
                    $('input#pwd').trigger('click');

                    var buttons = {};

                    $("div#nfilter_main div[id^='nfilter_char_content_'][id$='no_secret'] li button").each(function(){
                        var $button = $(this);
                        var alt = $button.attr('onmouseup');

                        var c = alt.replace(/^javascript:nFilterOnKeyClick\([\'\"]([^\'\"]+)['"]\)$/g, '$1');

                        if(c.indexOf('dummy') == -1) {
                            if(/^\$nfilter_/g.test('$nfilter_')) {
                                switch(c) {
                                    case '$nfilter_shop;' :
                                        c = '#';
                                        break;
                                    case '$nfilter_percent;' :
                                        c = '%';
                                        break;
                                    case '$nfilter_amp;' :
                                        c = '&';
                                        break;
                                    case '$nfilter_backslash;' :
                                        c = '\\';
                                        break;
                                    case '$nfilter_apos;' :
                                        c = '"';
                                        break;
                                    case '$nfilter_quot;' :
                                        c = '\'';
                                        break;
                                }
                            }

                            if(c.length == 1) {
                                buttons[c] = $button;
                            }
                        }
                    });

                    for(var i=0; i< password.length; i++){
                        var c = password.charAt(i);
                        buttons[c].trigger('onmouseup');
                    };

                    $("img#nfilter_enter_char_mobile").trigger("touchend");
                    var nFilter = $svc.get('nFilter'), util = $svc.get('util');

                    var data = {
                        memid:id,
                        mode:'loginPersonWeb',
                        channel:'person',
                        device:util.siteCode('loginPersonWeb'),
                        nfilter:nFilter.encrypted()
                    };
                     /* Query string 반환 */
                    callback(true, $.param(data));
                } catch(e) {
                    console.error(e);
                    callback(false, e.stack);
                }
            };

            if(IsFinishInit()) {
                tryLogin(id, password);
            } else {
                var retry = function(){
                    if(IsFinishInit()) {
                        tryLogin(id, password);
                    } else {
                        if(++tryCnt >= 10){
                            callback(false, '::TIMEOUT : tryCnt -> 10');
                        } else {
                            setTimeout(retry, 1000);
                        }
                    }
                };
                setTimeout(retry, 1000);
            }
        };
        ]]>
    </entry>

    <!-- common -->
    <entry key="script.handler.common.template">
        <![CDATA[
        javascript:(function(){
            var token = '%s';
            var callback = function(success, message){
                if(success) {
                    alert(token + '1' + message);
                } else {
                    var markup = document.documentElement.innerHTML;
                    var errorMessage = JSON.stringify({message: message, content: markup});
                    alert(token + '0' + errorMessage);
                }
            };

            var execute = function(tryCount, maxCount){
                tryCount = tryCount || 1;
                maxCount = maxCount || 3;

                setTimeout(function(){
                    try {
                        if(document.readyState === "complete") {
                            %s
                        } else {
                            if(tryCount >= maxCount)
                                throw new Error(false, 'document ready fail!! : tryCount -> ' + maxCount);
                            execute(++tryCount, maxCount);
                        }
                     } catch(e) {
                        console.error(tryCount + ' -> ' + e);

                        if(tryCount >= maxCount) {
                            var error = e.stack;
                            var markup = document.documentElement.innerHTML;
                            var errorMessage = JSON.stringify({message: error, content: markup});
                            alert(token + '0' + errorMessage);
                        } else {
                            execute(++tryCount, maxCount);
                        }
                     }
                }, 1000);
            };
            execute();
        })();
        ]]>
    </entry>

    <entry key="script.card.common.base64Image">
        <![CDATA[
        var getBase64Image = function(elements) {

            if(!(elements instanceof Array))
                elements = [elements];
            var data = new Array();

            for(var i=0; i < elements.length; i++){
                var img = elements[i];
                var canvas = document.createElement("canvas");

                canvas.width = img.width;
                canvas.height = img.height;

                var ctx = canvas.getContext("2d");
                ctx.drawImage(img, 0, 0);

                var dataURL = canvas.toDataURL("image/png");

                data.push(dataURL.replace(/^data:image\/(png|jpg);base64,/, ""));
            }
            return data;
        };
        ]]>
    </entry>

</properties>